{
  "params": {
    "sizes": [
      256,
      512,
      1024,
      2048,
      4096
    ],
    "trials_per_size": 10,
    "small_exponents": false,
    "seed": 20250913
  },
  "by_size": {
    "256": {
      "success_rate": 1.0,
      "t_total_s": {
        "min": 0.038343333999364404,
        "max": 0.3651514960001805,
        "mean": 0.08854558609964443,
        "median": 0.06231009399925824,
        "stdev": 0.09356028990754378
      },
      "t_keygen_s": {
        "min": 0.013862420000805287,
        "max": 0.28278149199832114,
        "mean": 0.05424838260005345,
        "median": 0.03086212950074696,
        "stdev": 0.07676468594189051
      },
      "t_encrypt_s": {
        "min": 0.007387549001578009,
        "max": 0.03279461100100889,
        "mean": 0.015175958600229933,
        "median": 0.014068956999835791,
        "stdev": 0.007456059447880472
      },
      "t_recover_a_s": {
        "min": 0.00037472700205398723,
        "max": 0.011015935000614263,
        "mean": 0.0018473003001417965,
        "median": 0.0006019124994054437,
        "stdev": 0.003110279995732975
      },
      "t_cma_s": {
        "min": 0.0069972860001144,
        "max": 0.03854933099864866,
        "mean": 0.01726400399929844,
        "median": 0.014002241998241516,
        "stdev": 0.009750362440233187
      },
      "peak_mem_kb": {
        "min": 15.0,
        "max": 141.0,
        "mean": 30.2,
        "median": 18.0,
        "stdev": 36.95619027984351
      },
      "e_bits": {
        "e1_bits": {
          "min": 253.0,
          "max": 255.0,
          "mean": 254.4,
          "median": 254.5,
          "stdev": 0.6633249580710799
        },
        "e2_bits": {
          "min": 254.0,
          "max": 256.0,
          "mean": 255.0,
          "median": 255.0,
          "stdev": 0.6324555320336759
        },
        "u_bits": {
          "min": 251.0,
          "max": 254.0,
          "mean": 253.0,
          "median": 253.0,
          "stdev": 0.8944271909999159
        },
        "v_bits": {
          "min": 250.0,
          "max": 254.0,
          "mean": 252.4,
          "median": 253.0,
          "stdev": 1.2806248474865698
        }
      }
    },
    "512": {
      "success_rate": 1.0,
      "t_total_s": {
        "min": 0.10216906300047413,
        "max": 0.21211403900088044,
        "mean": 0.13641505039959156,
        "median": 0.12227549549970718,
        "stdev": 0.03560636868790027
      },
      "t_keygen_s": {
        "min": 0.06857525400118902,
        "max": 0.16514764999737963,
        "mean": 0.09461768839937576,
        "median": 0.08372576649890107,
        "stdev": 0.0305307615538171
      },
      "t_encrypt_s": {
        "min": 0.016274472000077367,
        "max": 0.03485452599852579,
        "mean": 0.021423907200369286,
        "median": 0.018691398501687218,
        "stdev": 0.005801910897869546
      },
      "t_recover_a_s": {
        "min": 0.0003906919992004987,
        "max": 0.000723818000551546,
        "mean": 0.000453449499400449,
        "median": 0.00042077850048372056,
        "stdev": 9.495640008460064e-05
      },
      "t_cma_s": {
        "min": 0.016003099997760728,
        "max": 0.032431667001219466,
        "mean": 0.019904328299526243,
        "median": 0.018973510501382407,
        "stdev": 0.004461771668546704
      },
      "peak_mem_kb": {
        "min": 15.0,
        "max": 36.0,
        "mean": 19.0,
        "median": 17.5,
        "stdev": 5.796550698475776
      },
      "e_bits": {
        "e1_bits": {
          "min": 507.0,
          "max": 512.0,
          "mean": 509.8,
          "median": 509.5,
          "stdev": 1.6
        },
        "e2_bits": {
          "min": 509.0,
          "max": 511.0,
          "mean": 510.6,
          "median": 511.0,
          "stdev": 0.6633249580710799
        },
        "u_bits": {
          "min": 506.0,
          "max": 510.0,
          "mean": 507.8,
          "median": 508.0,
          "stdev": 1.1661903789690602
        },
        "v_bits": {
          "min": 504.0,
          "max": 509.0,
          "mean": 506.9,
          "median": 507.0,
          "stdev": 1.7578395831246945
        }
      }
    },
    "1024": {
      "success_rate": 1.0,
      "t_total_s": {
        "min": 0.8314160730005824,
        "max": 1.0011608169988904,
        "mean": 0.904328491099659,
        "median": 0.9023268529981578,
        "stdev": 0.05139395194679444
      },
      "t_keygen_s": {
        "min": 0.7405002400009835,
        "max": 0.9008383630025492,
        "mean": 0.8108669768003892,
        "median": 0.8126005804988381,
        "stdev": 0.050166634270001544
      },
      "t_encrypt_s": {
        "min": 0.04229677399780485,
        "max": 0.05205191200002446,
        "mean": 0.04528568929999892,
        "median": 0.04466640149985324,
        "stdev": 0.002724343567548836
      },
      "t_recover_a_s": {
        "min": 0.00039897200258565135,
        "max": 0.0006494619992736261,
        "mean": 0.0004633161999663571,
        "median": 0.00044774099842470605,
        "stdev": 6.636733288007615e-05
      },
      "t_cma_s": {
        "min": 0.0450808120003785,
        "max": 0.05205054900216055,
        "mean": 0.047702959200978515,
        "median": 0.047240652500477154,
        "stdev": 0.002354382241925382
      },
      "peak_mem_kb": {
        "min": 16.0,
        "max": 20.0,
        "mean": 18.4,
        "median": 19.0,
        "stdev": 1.3564659966250536
      },
      "e_bits": {
        "e1_bits": {
          "min": 1019.0,
          "max": 1024.0,
          "mean": 1022.2,
          "median": 1023.0,
          "stdev": 1.4
        },
        "e2_bits": {
          "min": 1021.0,
          "max": 1024.0,
          "mean": 1022.5,
          "median": 1022.5,
          "stdev": 1.2041594578792296
        },
        "u_bits": {
          "min": 1012.0,
          "max": 1022.0,
          "mean": 1019.3,
          "median": 1020.0,
          "stdev": 2.72213151776324
        },
        "v_bits": {
          "min": 1009.0,
          "max": 1022.0,
          "mean": 1019.3,
          "median": 1021.0,
          "stdev": 3.606937759374287
        }
      }
    },
    "2048": {
      "success_rate": 1.0,
      "t_total_s": {
        "min": 5.215291813001386,
        "max": 10.375126391998492,
        "mean": 6.6579242610001526,
        "median": 6.167168848000074,
        "stdev": 1.4529658219337496
      },
      "t_keygen_s": {
        "min": 4.801762471000984,
        "max": 9.931773653999699,
        "mean": 6.22149929110019,
        "median": 5.770426789000339,
        "stdev": 1.4158881708852704
      },
      "t_encrypt_s": {
        "min": 0.17161734799810802,
        "max": 0.26512494000053266,
        "mean": 0.19603807509920443,
        "median": 0.18621042449922243,
        "stdev": 0.025442699882362484
      },
      "t_recover_a_s": {
        "min": 0.0005266929983918089,
        "max": 0.0011169460012752097,
        "mean": 0.0007228449998365249,
        "median": 0.0006817710000177613,
        "stdev": 0.0001692520139290816
      },
      "t_cma_s": {
        "min": 0.18886484500035294,
        "max": 0.549683790999552,
        "mean": 0.23965547790030542,
        "median": 0.2010323594986403,
        "stdev": 0.1041480323679376
      },
      "peak_mem_kb": {
        "min": 19.0,
        "max": 26.0,
        "mean": 22.0,
        "median": 22.0,
        "stdev": 1.8973665961010275
      },
      "e_bits": {
        "e1_bits": {
          "min": 2043.0,
          "max": 2048.0,
          "mean": 2046.1,
          "median": 2046.5,
          "stdev": 1.445683229480096
        },
        "e2_bits": {
          "min": 2042.0,
          "max": 2048.0,
          "mean": 2046.2,
          "median": 2047.0,
          "stdev": 1.6
        },
        "u_bits": {
          "min": 2041.0,
          "max": 2046.0,
          "mean": 2044.2,
          "median": 2044.5,
          "stdev": 1.3266499161421599
        },